{"cameraMode":{"drawMode":0,"name":"Shaded","section":"Shading Mode"},"sceneLighting":false,"audioPlay":false,"sceneViewState":{"showFog":true,"showMaterialUpdate":false,"showSkybox":false,"showFlares":true,"showImageEffects":true,"showParticleSystems":true},"in2DMode":false,"pivot":{"x":0.006671905517578125,"y":0.5069080591201782,"z":0.012191295623779297},"rotation":{"x":0.13548018038272859,"y":0.0014861178351566196,"z":-0.0002038091333815828,"w":0.990781843662262},"size":4.188745498657227,"orthographic":true}