{"cameraMode":{"drawMode":0,"name":"Shaded","section":"Shading Mode"},"sceneLighting":false,"audioPlay":false,"sceneViewState":{"showFog":true,"showMaterialUpdate":false,"showSkybox":false,"showFlares":true,"showImageEffects":true,"showParticleSystems":true},"in2DMode":false,"pivot":{"x":1.1920928955078126e-7,"y":2.444493055343628,"z":-0.7150411605834961},"rotation":{"x":0.027882089838385583,"y":-0.8872924447059631,"z":0.05409849062561989,"w":0.45720353722572329},"size":20.44540786743164,"orthographic":true}