{"cameraMode":{"drawMode":0,"name":"Shaded","section":"Shading Mode"},"sceneLighting":false,"audioPlay":false,"sceneViewState":{"showFog":true,"showMaterialUpdate":false,"showSkybox":false,"showFlares":true,"showImageEffects":true,"showParticleSystems":true},"in2DMode":false,"pivot":{"x":0.0,"y":19.146711349487306,"z":6.728994369506836},"rotation":{"x":0.13548018038272859,"y":0.0014861178351566196,"z":-0.0002038091333815828,"w":0.990781843662262},"size":72.74710083007813,"orthographic":true}