{"cameraMode":{"drawMode":0,"name":"Shaded","section":"Shading Mode"},"sceneLighting":false,"audioPlay":false,"sceneViewState":{"showFog":true,"showMaterialUpdate":false,"showSkybox":false,"showFlares":true,"showImageEffects":true,"showParticleSystems":true},"in2DMode":false,"pivot":{"x":-0.016920506954193116,"y":1.1000696420669556,"z":0.07322072982788086},"rotation":{"x":0.027882089838385583,"y":-0.8872924447059631,"z":0.05409849062561989,"w":0.45720353722572329},"size":4.684724807739258,"orthographic":true}