{"cameraMode":{"drawMode":0,"name":"Shaded","section":"Shading Mode"},"sceneLighting":false,"audioPlay":false,"sceneViewState":{"showFog":true,"showMaterialUpdate":false,"showSkybox":false,"showFlares":true,"showImageEffects":true,"showParticleSystems":true},"in2DMode":false,"pivot":{"x":0.0,"y":27.127761840820314,"z":2.3755736351013185},"rotation":{"x":0.1510060578584671,"y":0.46282175183296206,"z":-0.08035127073526383,"w":0.8697952628135681},"size":102.40616607666016,"orthographic":true}