{"cameraMode":{"drawMode":0,"name":"Shaded","section":"Shading Mode"},"sceneLighting":false,"audioPlay":false,"sceneViewState":{"showFog":true,"showMaterialUpdate":false,"showSkybox":false,"showFlares":true,"showImageEffects":true,"showParticleSystems":true},"in2DMode":false,"pivot":{"x":-9.5367431640625e-7,"y":-2.999999761581421,"z":-0.0000019073486328125},"rotation":{"x":-0.00620874622836709,"y":-0.993757426738739,"z":0.0740705206990242,"w":-0.08337610960006714},"size":70.70016479492188,"orthographic":true}