{"cameraMode":{"drawMode":0,"name":"Shaded","section":"Shading Mode"},"sceneLighting":false,"audioPlay":false,"sceneViewState":{"showFog":true,"showMaterialUpdate":false,"showSkybox":false,"showFlares":true,"showImageEffects":true,"showParticleSystems":true},"in2DMode":false,"pivot":{"x":-0.00025856494903564453,"y":0.8155993819236755,"z":-0.0002418309450149536},"rotation":{"x":0.024750452488660814,"y":-0.7144778370857239,"z":0.025296669453382493,"w":0.6987868547439575},"size":7.159250736236572,"orthographic":true}