{"cameraMode":{"drawMode":0,"name":"Shaded","section":"Shading Mode"},"sceneLighting":false,"audioPlay":false,"sceneViewState":{"showFog":true,"showMaterialUpdate":false,"showSkybox":false,"showFlares":true,"showImageEffects":true,"showParticleSystems":true},"in2DMode":false,"pivot":{"x":-0.08622722327709198,"y":1.1686275005340577,"z":-0.02931952476501465},"rotation":{"x":0.13548018038272859,"y":0.0014861178351566196,"z":-0.0002038091333815828,"w":0.990781843662262},"size":4.0107903480529789,"orthographic":true}