{"cameraMode":{"drawMode":0,"name":"Shaded","section":"Shading Mode"},"sceneLighting":false,"audioPlay":false,"sceneViewState":{"showFog":true,"showMaterialUpdate":false,"showSkybox":false,"showFlares":true,"showImageEffects":true,"showParticleSystems":true},"in2DMode":false,"pivot":{"x":-0.15221190452575684,"y":0.2041221708059311,"z":-0.05037355422973633},"rotation":{"x":-0.004853955935686827,"y":-0.9785131812095642,"z":0.20488062500953675,"w":-0.02319920063018799},"size":11.254596710205079,"orthographic":true}