{"cameraMode":{"drawMode":0,"name":"Shaded","section":"Shading Mode"},"sceneLighting":false,"audioPlay":false,"sceneViewState":{"showFog":true,"showMaterialUpdate":false,"showSkybox":false,"showFlares":true,"showImageEffects":true,"showParticleSystems":true},"in2DMode":false,"pivot":{"x":1.862645149230957e-8,"y":0.0,"z":-0.0548170804977417},"rotation":{"x":0.024907603859901429,"y":-0.9476494193077087,"z":0.07635237276554108,"w":0.30910152196884158},"size":0.6222830414772034,"orthographic":true}