{"cameraMode":{"drawMode":0,"name":"Shaded","section":"Shading Mode"},"sceneLighting":false,"audioPlay":false,"sceneViewState":{"showFog":true,"showMaterialUpdate":false,"showSkybox":false,"showFlares":true,"showImageEffects":true,"showParticleSystems":true},"in2DMode":false,"pivot":{"x":-0.00005054473876953125,"y":2.959639310836792,"z":-0.0000057220458984375},"rotation":{"x":-0.00620874622836709,"y":-0.993757426738739,"z":0.0740705206990242,"w":-0.08337610960006714},"size":70.71896362304688,"orthographic":true}