{"cameraMode":{"drawMode":0,"name":"Shaded","section":"Shading Mode"},"sceneLighting":false,"audioPlay":false,"sceneViewState":{"showFog":true,"showMaterialUpdate":false,"showSkybox":false,"showFlares":true,"showImageEffects":true,"showParticleSystems":true},"in2DMode":false,"pivot":{"x":0.0,"y":3.7196271419525148,"z":9.5367431640625e-7},"rotation":{"x":0.13548018038272859,"y":0.0014861178351566196,"z":-0.0002038091333815828,"w":0.990781843662262},"size":26.994857788085939,"orthographic":true}