{"cameraMode":{"drawMode":0,"name":"Shaded","section":"Shading Mode"},"sceneLighting":false,"audioPlay":false,"sceneViewState":{"showFog":true,"showMaterialUpdate":false,"showSkybox":false,"showFlares":true,"showImageEffects":true,"showParticleSystems":true},"in2DMode":false,"pivot":{"x":-1.1920928955078126e-7,"y":1.2068493366241456,"z":0.1474982500076294},"rotation":{"x":0.027882089838385583,"y":-0.8872924447059631,"z":0.05409849062561989,"w":0.45720353722572329},"size":5.638199806213379,"orthographic":true}