{"cameraMode":{"drawMode":0,"name":"Shaded","section":"Shading Mode"},"sceneLighting":false,"audioPlay":false,"sceneViewState":{"showFog":true,"showMaterialUpdate":false,"showSkybox":false,"showFlares":true,"showImageEffects":true,"showParticleSystems":true},"in2DMode":false,"pivot":{"x":0.0002463608980178833,"y":0.03391405940055847,"z":-0.06944000720977783},"rotation":{"x":0.027882089838385583,"y":-0.8872924447059631,"z":0.05409849062561989,"w":0.45720353722572329},"size":1.861677646636963,"orthographic":true}