{"cameraMode":{"drawMode":0,"name":"Shaded","section":"Shading Mode"},"sceneLighting":false,"audioPlay":false,"sceneViewState":{"showFog":true,"showMaterialUpdate":false,"showSkybox":false,"showFlares":true,"showImageEffects":true,"showParticleSystems":true},"in2DMode":false,"pivot":{"x":0.000804901123046875,"y":-2.7749557495117189,"z":-0.0007228851318359375},"rotation":{"x":0.12901784479618073,"y":-0.8011743426322937,"z":0.18665894865989686,"w":0.5537734031677246},"size":70.81166076660156,"orthographic":true}