{"cameraMode":{"drawMode":0,"name":"Shaded","section":"Shading Mode"},"sceneLighting":false,"audioPlay":false,"sceneViewState":{"showFog":true,"showMaterialUpdate":false,"showSkybox":false,"showFlares":true,"showImageEffects":true,"showParticleSystems":true},"in2DMode":false,"pivot":{"x":0.0,"y":0.04878925159573555,"z":0.04093976318836212},"rotation":{"x":0.024907603859901429,"y":-0.9476494193077087,"z":0.07635237276554108,"w":0.30910152196884158},"size":0.8598594069480896,"orthographic":true}