{"cameraMode":{"drawMode":0,"name":"Shaded","section":"Shading Mode"},"sceneLighting":false,"audioPlay":false,"sceneViewState":{"showFog":true,"showMaterialUpdate":false,"showSkybox":false,"showFlares":true,"showImageEffects":true,"showParticleSystems":true},"in2DMode":false,"pivot":{"x":0.07729965448379517,"y":0.12372583150863648,"z":0.03640538454055786},"rotation":{"x":-0.004853955935686827,"y":-0.9785131812095642,"z":0.20488062500953675,"w":-0.02319920063018799},"size":3.7958245277404787,"orthographic":true}