{"cameraMode":{"drawMode":0,"name":"Shaded","section":"Shading Mode"},"sceneLighting":false,"audioPlay":false,"sceneViewState":{"showFog":true,"showMaterialUpdate":false,"showSkybox":false,"showFlares":true,"showImageEffects":true,"showParticleSystems":true},"in2DMode":false,"pivot":{"x":-0.6217861175537109,"y":0.63134765625,"z":-0.1513671875},"rotation":{"x":0.02663053572177887,"y":0.9533603191375732,"z":-0.08834003657102585,"w":0.287400484085083},"size":4.7222514152526859,"orthographic":true}