{"cameraMode":{"drawMode":0,"name":"Shaded","section":"Shading Mode"},"sceneLighting":false,"audioPlay":false,"sceneViewState":{"showFog":true,"showMaterialUpdate":false,"showSkybox":false,"showFlares":true,"showImageEffects":true,"showParticleSystems":true},"in2DMode":false,"pivot":{"x":0.0,"y":-5.000000953674316,"z":0.00000762939453125},"rotation":{"x":0.12901784479618073,"y":-0.8011743426322937,"z":0.18665894865989686,"w":0.5537734031677246},"size":67.52915954589844,"orthographic":true}