{"cameraMode":{"drawMode":0,"name":"Shaded","section":"Shading Mode"},"sceneLighting":false,"audioPlay":false,"sceneViewState":{"showFog":true,"showMaterialUpdate":false,"showSkybox":false,"showFlares":true,"showImageEffects":true,"showParticleSystems":true},"in2DMode":false,"pivot":{"x":0.0,"y":0.8643995523452759,"z":-0.06551375240087509},"rotation":{"x":0.02663053572177887,"y":0.9533603191375732,"z":-0.08834003657102585,"w":0.287400484085083},"size":4.722253799438477,"orthographic":true}