{"cameraMode":{"drawMode":0,"name":"Shaded","section":"Shading Mode"},"sceneLighting":false,"audioPlay":false,"sceneViewState":{"showFog":true,"showMaterialUpdate":false,"showSkybox":false,"showFlares":true,"showImageEffects":true,"showParticleSystems":true},"in2DMode":false,"pivot":{"x":-0.18740415573120118,"y":3.3838257789611818,"z":-0.5398168563842773},"rotation":{"x":-0.0018819208489730955,"y":-0.9973829984664917,"z":0.06682232767343521,"w":-0.028137534856796266},"size":24.87702178955078,"orthographic":true}