{"cameraMode":{"drawMode":0,"name":"Shaded","section":"Shading Mode"},"sceneLighting":false,"audioPlay":false,"sceneViewState":{"showFog":true,"showMaterialUpdate":false,"showSkybox":false,"showFlares":true,"showImageEffects":true,"showParticleSystems":true},"in2DMode":false,"pivot":{"x":0.009449958801269532,"y":0.13269782066345216,"z":0.007996320724487305},"rotation":{"x":0.1510060578584671,"y":0.46282175183296206,"z":-0.08035127073526383,"w":0.8697952628135681},"size":13.710933685302735,"orthographic":true}