{"cameraMode":{"drawMode":0,"name":"Shaded","section":"Shading Mode"},"sceneLighting":true,"audioPlay":false,"sceneViewState":{"showFog":true,"showMaterialUpdate":true,"showSkybox":true,"showFlares":true,"showImageEffects":true,"showParticleSystems":true},"in2DMode":false,"pivot":{"x":-0.11879388988018036,"y":0.20278452336788178,"z":0.4534631669521332},"rotation":{"x":-0.018411986529827119,"y":-0.9808254837989807,"z":0.11617646366357804,"w":-0.15547242760658265},"size":0.16556817293167115,"orthographic":false}