{"cameraMode":{"drawMode":0,"name":"Shaded","section":"Shading Mode"},"sceneLighting":false,"audioPlay":false,"sceneViewState":{"showFog":true,"showMaterialUpdate":false,"showSkybox":false,"showFlares":true,"showImageEffects":true,"showParticleSystems":true},"in2DMode":false,"pivot":{"x":0.0,"y":1.9680193662643433,"z":-2.384185791015625e-7},"rotation":{"x":0.1510060578584671,"y":0.46282175183296206,"z":-0.08035127073526383,"w":0.8697952628135681},"size":18.648828506469728,"orthographic":true}