{"cameraMode":{"drawMode":0,"name":"Shaded","section":"Shading Mode"},"sceneLighting":true,"audioPlay":false,"sceneViewState":{"showFog":true,"showMaterialUpdate":true,"showSkybox":true,"showFlares":true,"showImageEffects":true,"showParticleSystems":true},"in2DMode":false,"pivot":{"x":-0.00012983680062461644,"y":0.0,"z":-0.0008664493798278272},"rotation":{"x":0.000240139095694758,"y":-0.9935551881790161,"z":-0.002088397042825818,"w":-0.11345984041690827},"size":0.0028912073466926815,"orthographic":false}