{"cameraMode":{"drawMode":0,"name":"Shaded","section":"Shading Mode"},"sceneLighting":false,"audioPlay":false,"sceneViewState":{"showFog":true,"showMaterialUpdate":false,"showSkybox":false,"showFlares":true,"showImageEffects":true,"showParticleSystems":true},"in2DMode":false,"pivot":{"x":0.0,"y":1.7795825004577637,"z":-0.028079748153686525},"rotation":{"x":0.024907603859901429,"y":-0.9476494193077087,"z":0.07635237276554108,"w":0.30910152196884158},"size":23.599105834960939,"orthographic":true}