{"cameraMode":{"drawMode":0,"name":"Shaded","section":"Shading Mode"},"sceneLighting":false,"audioPlay":false,"sceneViewState":{"showFog":true,"showMaterialUpdate":false,"showSkybox":false,"showFlares":true,"showImageEffects":true,"showParticleSystems":true},"in2DMode":false,"pivot":{"x":-4.76837158203125e-7,"y":1.4648889303207398,"z":0.27100157737731936},"rotation":{"x":0.024750452488660814,"y":-0.7144778370857239,"z":0.025296669453382493,"w":0.6987868547439575},"size":20.06730079650879,"orthographic":true}