{"cameraMode":{"drawMode":0,"name":"Shaded","section":"Shading Mode"},"sceneLighting":false,"audioPlay":false,"sceneViewState":{"showFog":true,"showMaterialUpdate":false,"showSkybox":false,"showFlares":true,"showImageEffects":true,"showParticleSystems":true},"in2DMode":false,"pivot":{"x":8.940696716308594e-8,"y":1.039426326751709,"z":0.19871997833251954},"rotation":{"x":0.027882089838385583,"y":-0.8872924447059631,"z":0.05409849062561989,"w":0.45720353722572329},"size":5.570674896240234,"orthographic":true}