{"cameraMode":{"drawMode":0,"name":"Shaded","section":"Shading Mode"},"sceneLighting":false,"audioPlay":false,"sceneViewState":{"showFog":true,"showMaterialUpdate":false,"showSkybox":false,"showFlares":true,"showImageEffects":true,"showParticleSystems":true},"in2DMode":false,"pivot":{"x":-0.1375408172607422,"y":13.054407119750977,"z":0.8312873840332031},"rotation":{"x":0.12901784479618073,"y":-0.8011743426322937,"z":0.18665894865989686,"w":0.5537734031677246},"size":110.29188537597656,"orthographic":true}