{"cameraMode":{"drawMode":0,"name":"Shaded","section":"Shading Mode"},"sceneLighting":false,"audioPlay":false,"sceneViewState":{"showFog":true,"showMaterialUpdate":false,"showSkybox":false,"showFlares":true,"showImageEffects":true,"showParticleSystems":true},"in2DMode":false,"pivot":{"x":-0.012980937957763672,"y":0.0,"z":-0.16849613189697267},"rotation":{"x":0.1510060578584671,"y":0.46282175183296206,"z":-0.08035127073526383,"w":0.8697952628135681},"size":28.473804473876954,"orthographic":true}