{"cameraMode":{"drawMode":0,"name":"Shaded","section":"Shading Mode"},"sceneLighting":false,"audioPlay":false,"sceneViewState":{"showFog":true,"showMaterialUpdate":false,"showSkybox":false,"showFlares":true,"showImageEffects":true,"showParticleSystems":true},"in2DMode":false,"pivot":{"x":0.0000057220458984375,"y":-2.6416447162628176,"z":0.000034332275390625},"rotation":{"x":0.12901784479618073,"y":-0.8011743426322937,"z":0.18665894865989686,"w":0.5537734031677246},"size":140.44522094726563,"orthographic":true}