{"cameraMode":{"drawMode":0,"name":"Shaded","section":"Shading Mode"},"sceneLighting":false,"audioPlay":false,"sceneViewState":{"showFog":true,"showMaterialUpdate":true,"showSkybox":false,"showFlares":true,"showImageEffects":true,"showParticleSystems":true},"in2DMode":false,"pivot":{"x":5.960464477539063e-8,"y":0.8883504867553711,"z":0.0031701326370239259},"rotation":{"x":0.000240139095694758,"y":-0.9935551881790161,"z":-0.002088397042825818,"w":-0.11345984041690827},"size":4.296178817749023,"orthographic":false}