{"cameraMode":{"drawMode":0,"name":"Shaded","section":"Shading Mode"},"sceneLighting":false,"audioPlay":false,"sceneViewState":{"showFog":true,"showMaterialUpdate":false,"showSkybox":false,"showFlares":true,"showImageEffects":true,"showParticleSystems":true},"in2DMode":false,"pivot":{"x":-0.0000019073486328125,"y":-3.0000009536743166,"z":0.00000667572021484375},"rotation":{"x":-0.00620874622836709,"y":-0.993757426738739,"z":0.0740705206990242,"w":-0.08337610960006714},"size":70.7001724243164,"orthographic":true}