{"cameraMode":{"drawMode":0,"name":"Shaded","section":"Shading Mode"},"sceneLighting":false,"audioPlay":false,"sceneViewState":{"showFog":true,"showMaterialUpdate":false,"showSkybox":false,"showFlares":true,"showImageEffects":true,"showParticleSystems":true},"in2DMode":false,"pivot":{"x":-0.1375408172607422,"y":13.054407119750977,"z":0.8312873840332031},"rotation":{"x":-0.004853955935686827,"y":-0.9785131812095642,"z":0.20488062500953675,"w":-0.02319920063018799},"size":110.29188537597656,"orthographic":true}