{"cameraMode":{"drawMode":0,"name":"Shaded","section":"Shading Mode"},"sceneLighting":false,"audioPlay":false,"sceneViewState":{"showFog":true,"showMaterialUpdate":false,"showSkybox":false,"showFlares":true,"showImageEffects":true,"showParticleSystems":true},"in2DMode":false,"pivot":{"x":-0.006028890609741211,"y":0.45000022649765017,"z":0.0038242340087890627},"rotation":{"x":-0.004853955935686827,"y":-0.9785131812095642,"z":0.20488062500953675,"w":-0.02319920063018799},"size":4.031965255737305,"orthographic":true}