{"cameraMode":{"drawMode":0,"name":"Shaded","section":"Shading Mode"},"sceneLighting":false,"audioPlay":false,"sceneViewState":{"showFog":true,"showMaterialUpdate":false,"showSkybox":false,"showFlares":true,"showImageEffects":true,"showParticleSystems":true},"in2DMode":false,"pivot":{"x":0.006576810963451862,"y":-0.11697009205818176,"z":-0.05585399270057678},"rotation":{"x":0.219451442360878,"y":0.03511371091008186,"z":-0.007903664372861386,"w":0.9749596118927002},"size":0.23335108160972596,"orthographic":false}