{"cameraMode":{"drawMode":0,"name":"Shaded","section":"Shading Mode"},"sceneLighting":false,"audioPlay":false,"sceneViewState":{"showFog":true,"showMaterialUpdate":false,"showSkybox":false,"showFlares":true,"showImageEffects":true,"showParticleSystems":true},"in2DMode":false,"pivot":{"x":-0.0006606578826904297,"y":1.4986518621444703,"z":0.16501620411872865},"rotation":{"x":-0.004853955935686827,"y":-0.9785131812095642,"z":0.20488062500953675,"w":-0.02319920063018799},"size":8.272006034851075,"orthographic":true}