{"cameraMode":{"drawMode":0,"name":"Shaded","section":"Shading Mode"},"sceneLighting":false,"audioPlay":false,"sceneViewState":{"showFog":true,"showMaterialUpdate":false,"showSkybox":false,"showFlares":true,"showImageEffects":true,"showParticleSystems":true},"in2DMode":false,"pivot":{"x":-4.76837158203125e-7,"y":1.3674685955047608,"z":0.9260647296905518},"rotation":{"x":-0.0018819208489730955,"y":-0.9973829984664917,"z":0.06682232767343521,"w":-0.028137534856796266},"size":15.98784065246582,"orthographic":true}