{"cameraMode":{"drawMode":0,"name":"Shaded","section":"Shading Mode"},"sceneLighting":false,"audioPlay":false,"sceneViewState":{"showFog":true,"showMaterialUpdate":false,"showSkybox":false,"showFlares":true,"showImageEffects":true,"showParticleSystems":true},"in2DMode":false,"pivot":{"x":-1.1920928955078126e-7,"y":0.8904046416282654,"z":-0.045910924673080447},"rotation":{"x":0.02663053572177887,"y":0.9533603191375732,"z":-0.08834003657102585,"w":0.287400484085083},"size":4.79286527633667,"orthographic":true}