{"cameraMode":{"drawMode":0,"name":"Shaded","section":"Shading Mode"},"sceneLighting":false,"audioPlay":false,"sceneViewState":{"showFog":true,"showMaterialUpdate":false,"showSkybox":false,"showFlares":true,"showImageEffects":true,"showParticleSystems":true},"in2DMode":false,"pivot":{"x":0.125,"y":1.968019723892212,"z":3.374999523162842},"rotation":{"x":0.1510060578584671,"y":0.46282175183296206,"z":-0.08035127073526383,"w":0.8697952628135681},"size":24.783937454223634,"orthographic":true}