{"cameraMode":{"drawMode":0,"name":"Shaded","section":"Shading Mode"},"sceneLighting":false,"audioPlay":false,"sceneViewState":{"showFog":true,"showMaterialUpdate":false,"showSkybox":false,"showFlares":true,"showImageEffects":true,"showParticleSystems":true},"in2DMode":false,"pivot":{"x":-2.4999961853027345,"y":-0.08029915392398834,"z":-2.499988555908203},"rotation":{"x":0.20283736288547517,"y":0.7965682148933411,"z":-0.41958415508270266,"w":0.38508227467536929},"size":11.677793502807618,"orthographic":false}