{"cameraMode":{"drawMode":0,"name":"Shaded","section":"Shading Mode"},"sceneLighting":false,"audioPlay":false,"sceneViewState":{"showFog":true,"showMaterialUpdate":false,"showSkybox":false,"showFlares":true,"showImageEffects":true,"showParticleSystems":true},"in2DMode":false,"pivot":{"x":1.4528632164001466e-7,"y":-0.04009014368057251,"z":0.2002902328968048},"rotation":{"x":0.024907603859901429,"y":-0.9476494193077087,"z":0.07635237276554108,"w":0.30910152196884158},"size":1.1696197986602784,"orthographic":true}