{"cameraMode":{"drawMode":0,"name":"Shaded","section":"Shading Mode"},"sceneLighting":false,"audioPlay":false,"sceneViewState":{"showFog":true,"showMaterialUpdate":false,"showSkybox":false,"showFlares":true,"showImageEffects":true,"showParticleSystems":true},"in2DMode":false,"pivot":{"x":-2.9802322387695315e-8,"y":0.9139947295188904,"z":-0.12990260124206544},"rotation":{"x":0.024750452488660814,"y":-0.7144778370857239,"z":0.025296669453382493,"w":0.6987868547439575},"size":7.800766944885254,"orthographic":true}