{"cameraMode":{"drawMode":0,"name":"Shaded","section":"Shading Mode"},"sceneLighting":false,"audioPlay":false,"sceneViewState":{"showFog":true,"showMaterialUpdate":false,"showSkybox":false,"showFlares":true,"showImageEffects":true,"showParticleSystems":true},"in2DMode":false,"pivot":{"x":-2.2351741790771486e-8,"y":-0.0009799301624298096,"z":1.4901161193847657e-8},"rotation":{"x":-0.0018819208489730955,"y":-0.9973829984664917,"z":0.06682232767343521,"w":-0.028137534856796266},"size":1.2019292116165162,"orthographic":true}